id,name,countryID,registrationDate,userInterests
0,cooluser_0,6,2022-03-28 19:56:09.125836,18/13/15/8/17/12
1,cooluser_1,1,2022-03-28 19:56:09.125898,13/17/9/12/16/15/14/7
2,cooluser_2,6,2022-03-28 19:56:09.125928,12/16/11/14/15
3,cooluser_3,5,2022-03-28 19:56:09.125976,18/15/9/7/11/10
4,cooluser_4,5,2022-03-28 19:56:09.126041,14/17/12/9/16/13/7/18
5,cooluser_5,3,2022-03-28 19:56:09.126097,13/8/17/7/9/12/15/16
6,cooluser_6,4,2022-03-28 19:56:09.126166,13/18/11/17/9/15/16/7
7,cooluser_7,6,2022-03-28 19:56:09.126231,12/14/15/17/16/10
8,cooluser_8,1,2022-03-28 19:56:09.126294,11/9/10/14/18
9,cooluser_9,2,2022-03-28 19:56:09.126345,13/11/9/18/15/8/10
10,cooluser_10,4,2022-03-28 19:56:09.126398,10/12/16/13/14
11,cooluser_11,5,2022-03-28 19:56:09.126446,16/14/10/17/9/12/7/13
12,cooluser_12,6,2022-03-28 19:56:09.126516,14/16/10/8/11/9/7
13,cooluser_13,2,2022-03-28 19:56:09.126546,17/10/18/13/7/9/11/8
14,cooluser_14,1,2022-03-28 19:56:09.126568,16/11/18/9/10/14/15
15,cooluser_15,1,2022-03-28 19:56:09.126615,12/15/14/9/8/11/17
16,cooluser_16,2,2022-03-28 19:56:09.126657,15/17/12/9
17,cooluser_17,6,2022-03-28 19:56:09.126707,18/10/13/7/15
18,cooluser_18,6,2022-03-28 19:56:09.126745,7/18/10/14
19,cooluser_19,1,2022-03-28 19:56:09.126762,14/12/9/18/17
20,cooluser_20,3,2022-03-28 19:56:09.126778,15/8/12/14/16/17/9/11
21,cooluser_21,1,2022-03-28 19:56:09.126799,13/18/9/12
22,cooluser_22,3,2022-03-28 19:56:09.126814,13/18/17/7/8/14/11
23,cooluser_23,3,2022-03-28 19:56:09.126852,8/14/16/12/10/18/7/13
24,cooluser_24,4,2022-03-28 19:56:09.126876,9/13/10/8/12/7
25,cooluser_25,6,2022-03-28 19:56:09.126892,9/7/18
26,cooluser_26,1,2022-03-28 19:56:09.126929,15/16/9/18/17/10/8
27,cooluser_27,2,2022-03-28 19:56:09.126982,12/8/15/10/11/13
28,cooluser_28,5,2022-03-28 19:56:09.127004,17/7/14/16/8/13/18/12
29,cooluser_29,4,2022-03-28 19:56:09.127039,13/15/10
30,cooluser_30,1,2022-03-28 19:56:09.127052,7/17/9/12/18
31,cooluser_31,2,2022-03-28 19:56:09.127066,12/8/18/11/14/7/16
32,cooluser_32,1,2022-03-28 19:56:09.127083,14/7/8/10/9/16/18/13
33,cooluser_33,4,2022-03-28 19:56:09.127106,9/15/11/8/14
34,cooluser_34,5,2022-03-28 19:56:09.127123,7/11/18/17/15/9/13
35,cooluser_35,3,2022-03-28 19:56:09.127139,17/7/12/11
36,cooluser_36,5,2022-03-28 19:56:09.127153,18/12/7/15/9/10/14/13
37,cooluser_37,5,2022-03-28 19:56:09.127183,13/15/7/18/10/16/17
38,cooluser_38,5,2022-03-28 19:56:09.127208,17/13/14
39,cooluser_39,3,2022-03-28 19:56:09.127221,17/10/13/9/12/14/16/8
40,cooluser_40,5,2022-03-28 19:56:09.127245,7/16/17/9/18/8/13
41,cooluser_41,2,2022-03-28 19:56:09.127267,14/13/15/12/16/10/17
42,cooluser_42,2,2022-03-28 19:56:09.127283,11/7/13/9/16/15/17/8
43,cooluser_43,1,2022-03-28 19:56:09.127303,10/11/9/16/17
44,cooluser_44,1,2022-03-28 19:56:09.127321,7/10/16/11/18/14
45,cooluser_45,4,2022-03-28 19:56:09.127341,8/12/14/13/9/16/10
46,cooluser_46,1,2022-03-28 19:56:09.127365,7/16/15/13/14/9/18/8
47,cooluser_47,5,2022-03-28 19:56:09.127387,17/12/15/8/9/11/10
48,cooluser_48,3,2022-03-28 19:56:09.127407,13/7/12/11/8
49,cooluser_49,4,2022-03-28 19:56:09.127433,18/12/17/7
50,cooluser_50,1,2022-03-28 19:56:09.127448,11/17/13/16/14/15
51,cooluser_51,4,2022-03-28 19:56:09.127467,7/13/8/15
52,cooluser_52,6,2022-03-28 19:56:09.127480,16/7/10/14/12/9/8/11
53,cooluser_53,1,2022-03-28 19:56:09.127503,12/10/14/16/18/9
54,cooluser_54,3,2022-03-28 19:56:09.127524,12/15/14/8
55,cooluser_55,4,2022-03-28 19:56:09.127543,14/16/15
56,cooluser_56,5,2022-03-28 19:56:09.127556,11/7/13/18/17
57,cooluser_57,1,2022-03-28 19:56:09.127576,7/10/9/11/14
58,cooluser_58,3,2022-03-28 19:56:09.127598,13/16/14/12/18
59,cooluser_59,6,2022-03-28 19:56:09.127613,14/18/15/9/17
60,cooluser_60,3,2022-03-28 19:56:09.127627,17/15/7/8
61,cooluser_61,2,2022-03-28 19:56:09.127641,18/7/13/14/11
62,cooluser_62,6,2022-03-28 19:56:09.127656,11/14/16/8/17
63,cooluser_63,3,2022-03-28 19:56:09.127671,9/15/16/7/12/18
64,cooluser_64,4,2022-03-28 19:56:09.127689,11/17/16/18/14
65,cooluser_65,3,2022-03-28 19:56:09.127709,17/18/8/14/13/15
66,cooluser_66,4,2022-03-28 19:56:09.127729,15/13/8/7/18
67,cooluser_67,1,2022-03-28 19:56:09.127745,14/9/18/13/17/7
68,cooluser_68,1,2022-03-28 19:56:09.127766,9/12/17/13
69,cooluser_69,1,2022-03-28 19:56:09.127789,13/11/12/9/7/14
70,cooluser_70,2,2022-03-28 19:56:09.127806,18/14/11/12/8/16
71,cooluser_71,5,2022-03-28 19:56:09.127822,7/10/16/12/18/13
72,cooluser_72,6,2022-03-28 19:56:09.127837,8/17/7/15
73,cooluser_73,1,2022-03-28 19:56:09.127851,15/12/17/9/11
74,cooluser_74,4,2022-03-28 19:56:09.127865,15/14/17/8/12/18/9/10
75,cooluser_75,1,2022-03-28 19:56:09.127881,8/10/14/12/17
76,cooluser_76,2,2022-03-28 19:56:09.127897,14/9/10/17/8/13
77,cooluser_77,3,2022-03-28 19:56:09.127913,11/15/8
78,cooluser_78,3,2022-03-28 19:56:09.127925,17/11/8
79,cooluser_79,5,2022-03-28 19:56:09.127938,12/7/15/14/10/16/8/18
80,cooluser_80,6,2022-03-28 19:56:09.127962,17/15/7/10/16/14
81,cooluser_81,4,2022-03-28 19:56:09.127985,18/16/10/11/17/13
82,cooluser_82,6,2022-03-28 19:56:09.128001,10/13/16/8/11/15/17
83,cooluser_83,5,2022-03-28 19:56:09.128016,16/7/15/12/13/10
84,cooluser_84,2,2022-03-28 19:56:09.128033,9/17/11/10/16/13/18/8
85,cooluser_85,5,2022-03-28 19:56:09.128062,10/7/18/15/9/13/14/16
86,cooluser_86,2,2022-03-28 19:56:09.128080,14/11/18
87,cooluser_87,1,2022-03-28 19:56:09.128093,9/13/7
88,cooluser_88,5,2022-03-28 19:56:09.128105,13/12/10/9/17/18/7/8
89,cooluser_89,6,2022-03-28 19:56:09.128123,10/18/8/11/9
90,cooluser_90,4,2022-03-28 19:56:09.128138,18/14/15/10/7
91,cooluser_91,1,2022-03-28 19:56:09.128154,7/14/15
92,cooluser_92,2,2022-03-28 19:56:09.128172,16/12/13/11/8/7
93,cooluser_93,4,2022-03-28 19:56:09.128198,13/17/18
94,cooluser_94,6,2022-03-28 19:56:09.128211,8/7/16/9/18
95,cooluser_95,3,2022-03-28 19:56:09.128226,8/16/9/18/15/17/11/14
96,cooluser_96,2,2022-03-28 19:56:09.128257,18/16/13/9/10/7/15
97,cooluser_97,6,2022-03-28 19:56:09.128274,16/15/18/14/9/11/17/12
98,cooluser_98,3,2022-03-28 19:56:09.128295,11/13/7/8/17/18
99,cooluser_99,2,2022-03-28 19:56:09.128311,10/8/13/11/15/14/12/7
100,cooluser_100,6,2022-03-28 19:56:09.128335,16/12/7/11/18/8
101,cooluser_101,5,2022-03-28 19:56:09.128361,14/11/17/18
102,cooluser_102,5,2022-03-28 19:56:09.128376,9/13/18/17/14/10/16/15
103,cooluser_103,4,2022-03-28 19:56:09.128398,15/11/13
104,cooluser_104,6,2022-03-28 19:56:09.128418,8/9/7/17/15/13/12
105,cooluser_105,2,2022-03-28 19:56:09.128443,15/7/11/18/8/9/10
106,cooluser_106,6,2022-03-28 19:56:09.128459,16/7/11/9/10/15/13
107,cooluser_107,4,2022-03-28 19:56:09.128484,16/8/11/15/12
108,cooluser_108,5,2022-03-28 19:56:09.128507,13/17/18/12
109,cooluser_109,3,2022-03-28 19:56:09.128521,7/14/18/17/10
110,cooluser_110,3,2022-03-28 19:56:09.128538,16/15/8/14/7/17/11
111,cooluser_111,1,2022-03-28 19:56:09.128564,7/10/15/9
112,cooluser_112,1,2022-03-28 19:56:09.128580,15/14/7/11
113,cooluser_113,4,2022-03-28 19:56:09.128593,13/15/10
114,cooluser_114,5,2022-03-28 19:56:09.128606,7/13/10
115,cooluser_115,5,2022-03-28 19:56:09.128619,17/7/16/8/9
116,cooluser_116,3,2022-03-28 19:56:09.128633,15/12/11/10/17
117,cooluser_117,6,2022-03-28 19:56:09.128647,14/18/8/11
118,cooluser_118,5,2022-03-28 19:56:09.128660,15/16/17/14/9/12
119,cooluser_119,6,2022-03-28 19:56:09.128677,9/16/8/11/17/10/12
120,cooluser_120,3,2022-03-28 19:56:09.128716,15/18/16/17/13/7
121,cooluser_121,1,2022-03-28 19:56:09.128744,13/16/15/8/11
122,cooluser_122,4,2022-03-28 19:56:09.128788,13/16/18/15/11/9/14/17
123,cooluser_123,6,2022-03-28 19:56:09.128875,9/11/8/18/16/17/13/14
124,cooluser_124,5,2022-03-28 19:56:09.128919,11/16/9/10/15/13
125,cooluser_125,4,2022-03-28 19:56:09.128959,9/11/8/17/10
126,cooluser_126,5,2022-03-28 19:56:09.129016,11/15/14/16/13/7/8/18
127,cooluser_127,6,2022-03-28 19:56:09.129073,14/11/7
128,cooluser_128,2,2022-03-28 19:56:09.129128,14/18/13/9/17/8/16/12
129,cooluser_129,6,2022-03-28 19:56:09.129197,8/13/12/14/18/15/9/11
130,cooluser_130,5,2022-03-28 19:56:09.129261,13/9/17/12
131,cooluser_131,2,2022-03-28 19:56:09.129290,11/17/7/9/15
132,cooluser_132,1,2022-03-28 19:56:09.129315,13/9/10/7/14
133,cooluser_133,5,2022-03-28 19:56:09.129330,15/12/10/18/13/8/11/14
134,cooluser_134,2,2022-03-28 19:56:09.129349,7/14/10/13/16
135,cooluser_135,6,2022-03-28 19:56:09.129458,7/17/12
136,cooluser_136,4,2022-03-28 19:56:09.129476,15/13/14/18/12/11/7
137,cooluser_137,4,2022-03-28 19:56:09.129505,7/13/10/16/9
138,cooluser_138,2,2022-03-28 19:56:09.129521,15/17/9/13/7/8
139,cooluser_139,6,2022-03-28 19:56:09.129538,7/17/10
140,cooluser_140,2,2022-03-28 19:56:09.129550,7/16/13/18/10/11
141,cooluser_141,2,2022-03-28 19:56:09.129565,8/16/18/17
142,cooluser_142,5,2022-03-28 19:56:09.129580,7/11/10/14/9/8/16/12
143,cooluser_143,2,2022-03-28 19:56:09.129614,15/17/11/18
144,cooluser_144,3,2022-03-28 19:56:09.129631,13/15/12/7/17/10/18
145,cooluser_145,2,2022-03-28 19:56:09.129654,12/15/8/17/10/16/18
146,cooluser_146,4,2022-03-28 19:56:09.129672,16/12/10/9
147,cooluser_147,3,2022-03-28 19:56:09.129685,7/18/8/10/15/17/16
148,cooluser_148,6,2022-03-28 19:56:09.129708,15/8/10/14/13/17/12/7
149,cooluser_149,1,2022-03-28 19:56:09.129727,14/11/16/9/15
150,cooluser_150,5,2022-03-28 19:56:09.129742,18/9/12/8/13/17
151,cooluser_151,1,2022-03-28 19:56:09.129758,18/8/7
152,cooluser_152,6,2022-03-28 19:56:09.129772,18/15/7/12
153,cooluser_153,5,2022-03-28 19:56:09.129791,14/7/18/10/11/8
154,cooluser_154,6,2022-03-28 19:56:09.129820,14/8/15/13/18/12/10/16
155,cooluser_155,4,2022-03-28 19:56:09.129837,18/15/11/7
156,cooluser_156,6,2022-03-28 19:56:09.129849,13/18/8/10/9/14/15
157,cooluser_157,4,2022-03-28 19:56:09.129874,7/17/9/8/10/15
158,cooluser_158,5,2022-03-28 19:56:09.129892,16/8/12
159,cooluser_159,5,2022-03-28 19:56:09.129905,7/9/10/8/13/14/17/15
160,cooluser_160,5,2022-03-28 19:56:09.129922,9/14/17/7/13
161,cooluser_161,5,2022-03-28 19:56:09.129936,13/10/12/18
162,cooluser_162,5,2022-03-28 19:56:09.129949,15/9/13
163,cooluser_163,2,2022-03-28 19:56:09.129960,9/7/17/12
164,cooluser_164,2,2022-03-28 19:56:09.129973,18/9/15/13/14
165,cooluser_165,1,2022-03-28 19:56:09.129987,8/11/9/16/14/12/15/7
166,cooluser_166,2,2022-03-28 19:56:09.130003,7/16/12/10/17/13/15
167,cooluser_167,2,2022-03-28 19:56:09.130019,17/9/7/13/15/10/16/18
168,cooluser_168,1,2022-03-28 19:56:09.130037,16/10/11/9/14/7
169,cooluser_169,6,2022-03-28 19:56:09.130057,14/10/11/12
170,cooluser_170,2,2022-03-28 19:56:09.130075,16/12/11/14/13/8
171,cooluser_171,6,2022-03-28 19:56:09.130095,11/17/7/10/12
172,cooluser_172,1,2022-03-28 19:56:09.130109,17/14/15/7/16
173,cooluser_173,4,2022-03-28 19:56:09.130123,14/8/13/15/9/12/17
174,cooluser_174,1,2022-03-28 19:56:09.130147,10/9/16
175,cooluser_175,6,2022-03-28 19:56:09.130160,7/14/11/18/8/9/17/15
176,cooluser_176,6,2022-03-28 19:56:09.130176,9/12/8
177,cooluser_177,1,2022-03-28 19:56:09.130188,17/16/11/9/7/14/18/15
178,cooluser_178,6,2022-03-28 19:56:09.130209,18/16/13/14/8/7/9/17
179,cooluser_179,4,2022-03-28 19:56:09.130225,11/7/13
180,cooluser_180,3,2022-03-28 19:56:09.130237,8/18/10/14
181,cooluser_181,2,2022-03-28 19:56:09.130256,9/7/18/12/8/11/16
182,cooluser_182,4,2022-03-28 19:56:09.130278,14/16/13
183,cooluser_183,5,2022-03-28 19:56:09.130290,14/7/11/18/10
184,cooluser_184,3,2022-03-28 19:56:09.130303,9/10/16/13/11/17/7/8
185,cooluser_185,5,2022-03-28 19:56:09.130330,7/9/17/10/16
186,cooluser_186,3,2022-03-28 19:56:09.130345,9/7/18/15/17
187,cooluser_187,1,2022-03-28 19:56:09.130359,16/13/18
188,cooluser_188,2,2022-03-28 19:56:09.130371,11/14/12/15
189,cooluser_189,4,2022-03-28 19:56:09.130383,17/16/18
190,cooluser_190,3,2022-03-28 19:56:09.130395,9/15/11/10/13/12/17/14
191,cooluser_191,5,2022-03-28 19:56:09.130410,8/9/16/11/12
192,cooluser_192,6,2022-03-28 19:56:09.130425,12/16/9/18
193,cooluser_193,6,2022-03-28 19:56:09.130438,15/16/11/14/12
194,cooluser_194,6,2022-03-28 19:56:09.130451,13/11/10
195,cooluser_195,6,2022-03-28 19:56:09.130469,8/16/17/18
196,cooluser_196,1,2022-03-28 19:56:09.130492,7/13/18
197,cooluser_197,1,2022-03-28 19:56:09.130505,16/15/7/12/9
198,cooluser_198,1,2022-03-28 19:56:09.130518,18/12/16/15
199,cooluser_199,2,2022-03-28 19:56:09.130534,11/18/16/15
200,cooluser_200,5,2022-03-28 19:56:09.130587,15/9/13/16/8/14
201,cooluser_201,5,2022-03-28 19:56:09.130623,7/16/17/10/13/14
202,cooluser_202,5,2022-03-28 19:56:09.130650,16/7/15/13/12/11/18/14
203,cooluser_203,5,2022-03-28 19:56:09.130682,14/8/12/10/17
204,cooluser_204,3,2022-03-28 19:56:09.130711,17/14/12/15/11
205,cooluser_205,2,2022-03-28 19:56:09.130738,10/7/14/13/18/17/8
206,cooluser_206,1,2022-03-28 19:56:09.130765,18/16/15/7/8
207,cooluser_207,6,2022-03-28 19:56:09.130789,15/11/17/14/18/9
208,cooluser_208,4,2022-03-28 19:56:09.130816,14/16/7/10
209,cooluser_209,5,2022-03-28 19:56:09.130839,10/15/16/17/14
210,cooluser_210,4,2022-03-28 19:56:09.130864,18/10/17/14/15/9
211,cooluser_211,2,2022-03-28 19:56:09.130903,15/16/8
212,cooluser_212,4,2022-03-28 19:56:09.130917,7/18/13/10/11/17
213,cooluser_213,4,2022-03-28 19:56:09.130932,8/17/12/11/16/9
214,cooluser_214,2,2022-03-28 19:56:09.130947,16/18/13
215,cooluser_215,3,2022-03-28 19:56:09.130959,10/7/17/14/9/11/8
216,cooluser_216,4,2022-03-28 19:56:09.130974,12/8/15/13/11
217,cooluser_217,3,2022-03-28 19:56:09.130987,14/13/17/11/10/16
218,cooluser_218,2,2022-03-28 19:56:09.131000,15/7/11/12
219,cooluser_219,3,2022-03-28 19:56:09.131013,16/11/17/15
220,cooluser_220,2,2022-03-28 19:56:09.132989,11/7/18/13/12/10/8
221,cooluser_221,5,2022-03-28 19:56:09.133042,13/15/7/10/9
222,cooluser_222,6,2022-03-28 19:56:09.133061,10/14/18/8
223,cooluser_223,3,2022-03-28 19:56:09.133076,18/11/12/15/16/9
224,cooluser_224,2,2022-03-28 19:56:09.133124,16/8/17/15
225,cooluser_225,4,2022-03-28 19:56:09.133155,16/15/12
226,cooluser_226,2,2022-03-28 19:56:09.133191,14/12/10/17/11/7/18
227,cooluser_227,5,2022-03-28 19:56:09.133213,11/18/10
228,cooluser_228,5,2022-03-28 19:56:09.133256,11/8/15/17/12
229,cooluser_229,2,2022-03-28 19:56:09.133279,7/9/13
230,cooluser_230,4,2022-03-28 19:56:09.133294,11/13/14/12
231,cooluser_231,3,2022-03-28 19:56:09.133330,12/10/7/18/8/11/15
232,cooluser_232,4,2022-03-28 19:56:09.133349,7/17/8
233,cooluser_233,5,2022-03-28 19:56:09.133384,7/13/15/11/12/18
234,cooluser_234,6,2022-03-28 19:56:09.133408,14/9/17/16/18/13/12
235,cooluser_235,3,2022-03-28 19:56:09.133444,15/9/13/16
236,cooluser_236,5,2022-03-28 19:56:09.133461,9/17/14/7/15
237,cooluser_237,4,2022-03-28 19:56:09.133480,15/14/12/7/10/18
238,cooluser_238,4,2022-03-28 19:56:09.133518,13/17/7/11/12/10/9/18
239,cooluser_239,1,2022-03-28 19:56:09.133563,10/16/12/8/14
240,cooluser_240,6,2022-03-28 19:56:09.133581,11/8/15
241,cooluser_241,6,2022-03-28 19:56:09.133617,13/8/10/17/12/14/18
242,cooluser_242,4,2022-03-28 19:56:09.133655,16/11/14/18/17/13/7/10
243,cooluser_243,2,2022-03-28 19:56:09.133679,7/14/10/8/15/9/12/11
244,cooluser_244,5,2022-03-28 19:56:09.133726,14/7/15/12
245,cooluser_245,1,2022-03-28 19:56:09.133760,18/14/16
246,cooluser_246,6,2022-03-28 19:56:09.133776,14/9/18/10/12
247,cooluser_247,5,2022-03-28 19:56:09.133808,16/11/13/7/15
248,cooluser_248,2,2022-03-28 19:56:09.133832,13/18/8/12/14/17/15/11
249,cooluser_249,2,2022-03-28 19:56:09.133871,16/18/12/11/7/17
250,cooluser_250,6,2022-03-28 19:56:09.133900,11/17/12/16
251,cooluser_251,3,2022-03-28 19:56:09.133923,13/8/9/16/10/11/7
252,cooluser_252,1,2022-03-28 19:56:09.133941,16/14/13
253,cooluser_253,1,2022-03-28 19:56:09.133954,17/8/10/15/12/11/18
254,cooluser_254,4,2022-03-28 19:56:09.133971,7/11/16/17/13/8/10/9
255,cooluser_255,5,2022-03-28 19:56:09.133989,18/13/15/9/7/17/11
256,cooluser_256,3,2022-03-28 19:56:09.134006,12/8/14/17/13/15
257,cooluser_257,4,2022-03-28 19:56:09.134022,11/7/16/9/13
258,cooluser_258,4,2022-03-28 19:56:09.134081,16/11/7/14/9/13/8
259,cooluser_259,2,2022-03-28 19:56:09.134115,12/17/9/14/8/10/11/16
260,cooluser_260,1,2022-03-28 19:56:09.134189,8/14/12
261,cooluser_261,3,2022-03-28 19:56:09.134217,13/17/15/9/12/16
262,cooluser_262,1,2022-03-28 19:56:09.134248,10/17/9/8
263,cooluser_263,1,2022-03-28 19:56:09.134277,18/11/12/13/17/9/7
264,cooluser_264,4,2022-03-28 19:56:09.134314,11/18/8/16/9/10
265,cooluser_265,3,2022-03-28 19:56:09.134343,13/16/7/12
266,cooluser_266,3,2022-03-28 19:56:09.134371,15/14/17/11/12/18
267,cooluser_267,2,2022-03-28 19:56:09.134400,17/12/8/13/10/16
268,cooluser_268,6,2022-03-28 19:56:09.134431,10/18/14
269,cooluser_269,3,2022-03-28 19:56:09.134525,13/8/16
270,cooluser_270,3,2022-03-28 19:56:09.134553,18/8/13/17/9
271,cooluser_271,6,2022-03-28 19:56:09.134584,15/16/13/14/10
272,cooluser_272,3,2022-03-28 19:56:09.134611,12/10/9
273,cooluser_273,1,2022-03-28 19:56:09.134636,12/13/9/7/8/18/16
274,cooluser_274,4,2022-03-28 19:56:09.134669,12/13/16
275,cooluser_275,1,2022-03-28 19:56:09.134694,16/11/17/14/18
276,cooluser_276,4,2022-03-28 19:56:09.134725,11/7/18/8/12/13/10
277,cooluser_277,1,2022-03-28 19:56:09.134758,7/11/16/14/18
278,cooluser_278,3,2022-03-28 19:56:09.134788,12/14/7/8/9/16/13/10
279,cooluser_279,2,2022-03-28 19:56:09.134823,14/16/13/17/8
280,cooluser_280,3,2022-03-28 19:56:09.134939,7/17/18/8/13/15
281,cooluser_281,3,2022-03-28 19:56:09.134982,7/10/15/13
282,cooluser_282,6,2022-03-28 19:56:09.135010,14/16/7
283,cooluser_283,1,2022-03-28 19:56:09.135038,15/10/16/11/8/18/17/7
284,cooluser_284,2,2022-03-28 19:56:09.135078,13/11/16/12
285,cooluser_285,3,2022-03-28 19:56:09.135103,17/18/8/7
286,cooluser_286,4,2022-03-28 19:56:09.135127,8/18/13/14/9/11/17
287,cooluser_287,2,2022-03-28 19:56:09.135156,17/10/11/18/9/14/16
288,cooluser_288,1,2022-03-28 19:56:09.135190,11/7/10
289,cooluser_289,3,2022-03-28 19:56:09.135212,12/16/15
290,cooluser_290,3,2022-03-28 19:56:09.135234,17/15/11
291,cooluser_291,1,2022-03-28 19:56:09.135259,14/13/17/8/10/12/7
292,cooluser_292,4,2022-03-28 19:56:09.135291,18/17/10
293,cooluser_293,3,2022-03-28 19:56:09.135317,10/17/7/11/16/14/18
294,cooluser_294,6,2022-03-28 19:56:09.135351,11/9/12/7/10/16/14
295,cooluser_295,3,2022-03-28 19:56:09.135386,17/9/14/10/18/15
296,cooluser_296,1,2022-03-28 19:56:09.135415,14/17/11/12
297,cooluser_297,4,2022-03-28 19:56:09.135442,10/17/11/9/12
298,cooluser_298,3,2022-03-28 19:56:09.135473,15/14/8/11
299,cooluser_299,5,2022-03-28 19:56:09.135502,8/15/9/16/18
300,cooluser_300,2,2022-03-28 19:56:09.135532,14/9/12/11/16
301,cooluser_301,4,2022-03-28 19:56:09.135562,17/8/13/16/18/7/10
302,cooluser_302,6,2022-03-28 19:56:09.135595,17/16/14/11/8/12
303,cooluser_303,1,2022-03-28 19:56:09.135626,7/11/13/8/14/10/16/9
304,cooluser_304,5,2022-03-28 19:56:09.135665,17/16/10
305,cooluser_305,1,2022-03-28 19:56:09.135692,17/10/16/11
306,cooluser_306,5,2022-03-28 19:56:09.135717,15/12/9/16
307,cooluser_307,3,2022-03-28 19:56:09.137005,8/12/15/9/18
308,cooluser_308,4,2022-03-28 19:56:09.137063,12/17/13/16/11/8
309,cooluser_309,2,2022-03-28 19:56:09.137099,8/15/11/18
310,cooluser_310,4,2022-03-28 19:56:09.137125,13/9/11/14/7/8/18/15
311,cooluser_311,5,2022-03-28 19:56:09.137162,11/10/16
312,cooluser_312,3,2022-03-28 19:56:09.137187,8/18/12/7/13/14/15/9
313,cooluser_313,5,2022-03-28 19:56:09.137223,11/13/18/10/16/17
314,cooluser_314,5,2022-03-28 19:56:09.137254,15/7/12/14/11/17
315,cooluser_315,5,2022-03-28 19:56:09.137285,9/18/15/11/17
316,cooluser_316,6,2022-03-28 19:56:09.137314,7/16/9/12/15/14/10
317,cooluser_317,5,2022-03-28 19:56:09.137343,10/16/11/15
318,cooluser_318,3,2022-03-28 19:56:09.137367,11/7/8
319,cooluser_319,5,2022-03-28 19:56:09.137392,11/10/18/7/8/9/17
320,cooluser_320,5,2022-03-28 19:56:09.137423,14/13/7/11/8/12/16
321,cooluser_321,2,2022-03-28 19:56:09.137458,9/18/7
322,cooluser_322,1,2022-03-28 19:56:09.137484,8/18/11/17/16
323,cooluser_323,5,2022-03-28 19:56:09.137513,15/8/9
324,cooluser_324,2,2022-03-28 19:56:09.137536,11/18/14/10
325,cooluser_325,1,2022-03-28 19:56:09.137563,13/12/10/15/18/17/7/9
326,cooluser_326,6,2022-03-28 19:56:09.137600,16/9/15/17
327,cooluser_327,2,2022-03-28 19:56:09.137628,10/11/7/14
328,cooluser_328,4,2022-03-28 19:56:09.137653,9/7/12/10/14
329,cooluser_329,5,2022-03-28 19:56:09.137680,10/11/18
330,cooluser_330,4,2022-03-28 19:56:09.137703,7/9/15/11/10
331,cooluser_331,3,2022-03-28 19:56:09.137730,15/17/7/8/9/13
332,cooluser_332,1,2022-03-28 19:56:09.137762,7/14/17/11/8/9
333,cooluser_333,2,2022-03-28 19:56:09.137792,10/15/9/17/12
334,cooluser_334,3,2022-03-28 19:56:09.137820,16/15/12/7/11/8/9
335,cooluser_335,2,2022-03-28 19:56:09.137855,16/12/10/8
336,cooluser_336,5,2022-03-28 19:56:09.137879,12/9/13
337,cooluser_337,6,2022-03-28 19:56:09.137900,10/14/11/7/9/15
338,cooluser_338,6,2022-03-28 19:56:09.137927,12/18/14/8
339,cooluser_339,2,2022-03-28 19:56:09.137951,8/13/16
340,cooluser_340,6,2022-03-28 19:56:09.137973,9/13/15/8
341,cooluser_341,6,2022-03-28 19:56:09.137998,14/16/12/10
342,cooluser_342,6,2022-03-28 19:56:09.138021,9/8/17/13/11/16
343,cooluser_343,2,2022-03-28 19:56:09.138128,13/9/18/7/15/17/11
344,cooluser_344,4,2022-03-28 19:56:09.138176,17/11/8/12/10
345,cooluser_345,3,2022-03-28 19:56:09.138209,9/12/13/11/7/10/16/8
346,cooluser_346,4,2022-03-28 19:56:09.138417,7/13/18/9/10/17
347,cooluser_347,6,2022-03-28 19:56:09.138456,12/17/16/11/15/8/13/10
348,cooluser_348,4,2022-03-28 19:56:09.138539,15/14/18/13/7/8/12
349,cooluser_349,4,2022-03-28 19:56:09.138573,7/18/8/14
350,cooluser_350,6,2022-03-28 19:56:09.138600,12/13/18/7/10/9/16/8
351,cooluser_351,6,2022-03-28 19:56:09.138679,17/8/14/11/16/13
352,cooluser_352,1,2022-03-28 19:56:09.138713,14/11/18
353,cooluser_353,1,2022-03-28 19:56:09.138736,11/12/13/16/10/17/8
354,cooluser_354,3,2022-03-28 19:56:09.138764,12/14/7/15
355,cooluser_355,1,2022-03-28 19:56:09.138789,11/9/7/17/15
356,cooluser_356,1,2022-03-28 19:56:09.138814,16/10/15/8/12/11/9/14
357,cooluser_357,3,2022-03-28 19:56:09.138852,14/12/7/13
358,cooluser_358,4,2022-03-28 19:56:09.138877,7/18/17/14/16/12/9
359,cooluser_359,3,2022-03-28 19:56:09.138907,7/18/14/13/9/8
360,cooluser_360,5,2022-03-28 19:56:09.138934,14/16/7/8/11
361,cooluser_361,1,2022-03-28 19:56:09.138961,16/8/13/14/7/11/9/10
362,cooluser_362,3,2022-03-28 19:56:09.138993,11/17/18/7
363,cooluser_363,5,2022-03-28 19:56:09.139016,10/9/11/14/17/7/15/12
364,cooluser_364,4,2022-03-28 19:56:09.139050,12/11/15
365,cooluser_365,5,2022-03-28 19:56:09.139072,18/8/11/15/7
366,cooluser_366,3,2022-03-28 19:56:09.139099,16/17/7/11
367,cooluser_367,5,2022-03-28 19:56:09.139122,17/10/8/15/16/7/18
368,cooluser_368,1,2022-03-28 19:56:09.139152,18/11/17/16/15/10/12/8
369,cooluser_369,5,2022-03-28 19:56:09.139184,11/17/18/10
370,cooluser_370,2,2022-03-28 19:56:09.139208,9/7/10/18
371,cooluser_371,1,2022-03-28 19:56:09.139231,18/17/8
372,cooluser_372,2,2022-03-28 19:56:09.139253,16/8/7/11/17
373,cooluser_373,1,2022-03-28 19:56:09.139278,7/18/16/11/9/10/15/17
374,cooluser_374,5,2022-03-28 19:56:09.139312,14/7/13
375,cooluser_375,3,2022-03-28 19:56:09.139332,10/18/11/14/13/7
376,cooluser_376,5,2022-03-28 19:56:09.139359,10/14/16/8/11
377,cooluser_377,3,2022-03-28 19:56:09.139388,8/14/13/10/7/17
378,cooluser_378,2,2022-03-28 19:56:09.139413,8/10/9
379,cooluser_379,3,2022-03-28 19:56:09.139436,8/7/15/9/17/18/10
380,cooluser_380,1,2022-03-28 19:56:09.139471,15/14/18
381,cooluser_381,2,2022-03-28 19:56:09.139493,18/11/7
382,cooluser_382,1,2022-03-28 19:56:09.139516,11/8/10/16/7
383,cooluser_383,3,2022-03-28 19:56:09.139541,17/8/7/16/18/9/14/15
384,cooluser_384,4,2022-03-28 19:56:09.139577,14/10/17
385,cooluser_385,1,2022-03-28 19:56:09.139599,16/7/8/15
386,cooluser_386,2,2022-03-28 19:56:09.139623,15/13/10/14/12
387,cooluser_387,1,2022-03-28 19:56:09.139651,11/13/9/17/7/10/14/8
388,cooluser_388,3,2022-03-28 19:56:09.139680,13/16/15/11/17
389,cooluser_389,2,2022-03-28 19:56:09.139705,12/13/11/18/10/15/9
390,cooluser_390,4,2022-03-28 19:56:09.139732,16/13/10/7/18/9/15/11
391,cooluser_391,3,2022-03-28 19:56:09.139761,14/8/10/15
392,cooluser_392,3,2022-03-28 19:56:09.139785,8/11/15/13
393,cooluser_393,1,2022-03-28 19:56:09.139809,8/12/7/9/10
394,cooluser_394,2,2022-03-28 19:56:09.139836,13/16/18
395,cooluser_395,3,2022-03-28 19:56:09.139858,9/16/13
396,cooluser_396,1,2022-03-28 19:56:09.139880,7/13/14
397,cooluser_397,2,2022-03-28 19:56:09.139904,17/14/16/11/15/7/13/10
398,cooluser_398,3,2022-03-28 19:56:09.139934,17/9/7/12
399,cooluser_399,1,2022-03-28 19:56:09.139957,9/11/10/14/16
400,cooluser_400,3,2022-03-28 19:56:09.140003,9/8/14/10/12/7/17
401,cooluser_401,1,2022-03-28 19:56:09.140035,18/12/11/7
402,cooluser_402,4,2022-03-28 19:56:09.140060,12/14/7/18/17
403,cooluser_403,6,2022-03-28 19:56:09.140089,12/15/8/7
404,cooluser_404,4,2022-03-28 19:56:09.140113,16/13/14/18/10/11/9
405,cooluser_405,6,2022-03-28 19:56:09.140216,17/7/9
406,cooluser_406,2,2022-03-28 19:56:09.140249,15/7/8
407,cooluser_407,5,2022-03-28 19:56:09.140277,16/10/14/8/17/18/7
408,cooluser_408,1,2022-03-28 19:56:09.140311,17/9/10/18/15/16
409,cooluser_409,3,2022-03-28 19:56:09.140363,18/10/16/11/15
410,cooluser_410,5,2022-03-28 19:56:09.140390,13/10/17/12
411,cooluser_411,1,2022-03-28 19:56:09.140416,16/10/15/18/17/12/8/13
412,cooluser_412,3,2022-03-28 19:56:09.140451,8/12/10/17/9/16/13/18
413,cooluser_413,4,2022-03-28 19:56:09.140487,10/8/18
414,cooluser_414,5,2022-03-28 19:56:09.140512,11/12/15/14/13/16/18/8
415,cooluser_415,5,2022-03-28 19:56:09.140585,10/16/9
416,cooluser_416,1,2022-03-28 19:56:09.140621,16/17/8/11/7
417,cooluser_417,3,2022-03-28 19:56:09.140649,11/12/9/17/10/16
418,cooluser_418,3,2022-03-28 19:56:09.140677,8/13/17/9/15/7
419,cooluser_419,6,2022-03-28 19:56:09.140704,13/14/16/15/12
420,cooluser_420,1,2022-03-28 19:56:09.140734,13/11/10
421,cooluser_421,4,2022-03-28 19:56:09.140759,11/16/18/9/17/15/14
422,cooluser_422,6,2022-03-28 19:56:09.140791,18/10/17/12/15
423,cooluser_423,3,2022-03-28 19:56:09.140820,12/11/15
424,cooluser_424,6,2022-03-28 19:56:09.140843,14/17/16
425,cooluser_425,3,2022-03-28 19:56:09.140867,10/9/14/17/15/18
426,cooluser_426,3,2022-03-28 19:56:09.140894,17/16/10/9/13/12/8/11
427,cooluser_427,4,2022-03-28 19:56:09.140960,13/18/7
428,cooluser_428,2,2022-03-28 19:56:09.140992,7/12/18/13/9/8
429,cooluser_429,2,2022-03-28 19:56:09.141024,16/8/9/10
430,cooluser_430,6,2022-03-28 19:56:09.141050,13/12/14/16/8/7
431,cooluser_431,1,2022-03-28 19:56:09.141080,7/18/11/15
432,cooluser_432,5,2022-03-28 19:56:09.141103,12/7/11/17/18/16/13/8
433,cooluser_433,6,2022-03-28 19:56:09.141139,17/12/11/18/14/7
434,cooluser_434,4,2022-03-28 19:56:09.141169,10/11/18/7/13
435,cooluser_435,3,2022-03-28 19:56:09.141197,11/13/7/9/10
436,cooluser_436,3,2022-03-28 19:56:09.141224,9/8/15/12/13/10/16
437,cooluser_437,5,2022-03-28 19:56:09.141255,9/17/13
438,cooluser_438,4,2022-03-28 19:56:09.141277,10/17/7/8/14/16/12/13
439,cooluser_439,5,2022-03-28 19:56:09.141311,8/18/15/16/9
440,cooluser_440,6,2022-03-28 19:56:09.141336,13/7/15/11/14/18/12/8
441,cooluser_441,6,2022-03-28 19:56:09.141372,8/7/18/16/9
442,cooluser_442,5,2022-03-28 19:56:09.141399,10/8/9/13/7
443,cooluser_443,6,2022-03-28 19:56:09.141425,17/7/10/15
444,cooluser_444,4,2022-03-28 19:56:09.141448,15/10/12/14/18/17/7/16
445,cooluser_445,1,2022-03-28 19:56:09.141479,9/10/15/11/14/16/13
446,cooluser_446,2,2022-03-28 19:56:09.141505,13/10/18/8
447,cooluser_447,2,2022-03-28 19:56:09.141528,9/11/8/12/7/16
448,cooluser_448,3,2022-03-28 19:56:09.141556,10/13/16/11/7/18/15
449,cooluser_449,2,2022-03-28 19:56:09.141587,14/17/16/12/11
450,cooluser_450,6,2022-03-28 19:56:09.141613,11/8/17/12
451,cooluser_451,3,2022-03-28 19:56:09.141636,17/10/18/12/7/11/16/14
452,cooluser_452,2,2022-03-28 19:56:09.141665,18/17/10/14/13
453,cooluser_453,4,2022-03-28 19:56:09.141692,10/14/16/17
454,cooluser_454,4,2022-03-28 19:56:09.141715,12/8/13/15/17
455,cooluser_455,4,2022-03-28 19:56:09.141740,17/18/7/8/14/13
456,cooluser_456,3,2022-03-28 19:56:09.141767,7/15/13/18/14/8/9
457,cooluser_457,2,2022-03-28 19:56:09.141798,9/16/17
458,cooluser_458,4,2022-03-28 19:56:09.141820,7/9/14/18
459,cooluser_459,1,2022-03-28 19:56:09.141843,14/10/9/13/18/17/7/15
460,cooluser_460,2,2022-03-28 19:56:09.141883,14/13/11/15/10/7/17
461,cooluser_461,1,2022-03-28 19:56:09.141910,12/11/9/7/14/18
462,cooluser_462,4,2022-03-28 19:56:09.141937,9/14/10/13/11/16/18
463,cooluser_463,1,2022-03-28 19:56:09.141972,13/7/10/8
464,cooluser_464,4,2022-03-28 19:56:09.142008,8/17/12/13/10/14
465,cooluser_465,3,2022-03-28 19:56:09.142036,17/9/11/18/15/8
466,cooluser_466,5,2022-03-28 19:56:09.142064,15/8/13/10
467,cooluser_467,2,2022-03-28 19:56:09.142089,15/7/12/8
468,cooluser_468,1,2022-03-28 19:56:09.142117,11/7/12/13/17/10/8/15
469,cooluser_469,5,2022-03-28 19:56:09.142155,9/8/18/11/17
470,cooluser_470,4,2022-03-28 19:56:09.142183,11/13/7/16
471,cooluser_471,1,2022-03-28 19:56:09.142206,11/9/10/18
472,cooluser_472,4,2022-03-28 19:56:09.142232,11/18/16/7/8/17/14
473,cooluser_473,6,2022-03-28 19:56:09.142264,9/13/7/12
474,cooluser_474,6,2022-03-28 19:56:09.142288,18/13/17/10/8/7/16
475,cooluser_475,1,2022-03-28 19:56:09.142318,16/14/9/10
476,cooluser_476,1,2022-03-28 19:56:09.142340,13/9/15/7
477,cooluser_477,1,2022-03-28 19:56:09.142364,10/13/17/9/14
478,cooluser_478,4,2022-03-28 19:56:09.142389,14/10/8/17/15/18/7/13
479,cooluser_479,5,2022-03-28 19:56:09.142414,12/10/8
480,cooluser_480,6,2022-03-28 19:56:09.142426,17/7/16/8
481,cooluser_481,4,2022-03-28 19:56:09.142442,15/17/7/9/13/11
482,cooluser_482,5,2022-03-28 19:56:09.142456,7/17/8
483,cooluser_483,4,2022-03-28 19:56:09.142477,8/9/14/10/18/13
484,cooluser_484,1,2022-03-28 19:56:09.142504,10/9/13/8/15/14/17/18
485,cooluser_485,1,2022-03-28 19:56:09.143828,16/13/7
486,cooluser_486,5,2022-03-28 19:56:09.143876,10/17/18/12/7/8/13
487,cooluser_487,6,2022-03-28 19:56:09.143973,12/7/14
488,cooluser_488,4,2022-03-28 19:56:09.144002,12/9/17/8/16/15/11/13
489,cooluser_489,2,2022-03-28 19:56:09.144036,7/18/9
490,cooluser_490,5,2022-03-28 19:56:09.144059,14/15/8/13/11/18/12
491,cooluser_491,3,2022-03-28 19:56:09.144090,14/11/13/18/16/10
492,cooluser_492,4,2022-03-28 19:56:09.144119,18/17/8/10/14/16
493,cooluser_493,1,2022-03-28 19:56:09.144150,14/18/10/9/11/15
494,cooluser_494,1,2022-03-28 19:56:09.144179,8/10/17/7/11/16/18/14
495,cooluser_495,1,2022-03-28 19:56:09.144215,16/13/14/15
496,cooluser_496,5,2022-03-28 19:56:09.144239,8/9/14/15/12
497,cooluser_497,3,2022-03-28 19:56:09.144266,15/10/7/12
498,cooluser_498,3,2022-03-28 19:56:09.144290,8/16/15
499,cooluser_499,2,2022-03-28 19:56:09.144313,17/16/7/8/15/12/10/9
